keyword,query,sem_n_results,sem_avg_score,sem_n_clusters,sem_clusters,kw_n_results,kw_avg_score,kw_n_clusters,kw_clusters,overlap_n_clusters,cluster_overlap_ratio
apple,apple iphone,10,0.5974963903427124,4,"[0, 6, 7, 14]",10,0.24576409571212304,1,[4],0,0.0
apple,apple fruit,10,0.6439278721809387,2,"[0, 5]",10,0.060438254029575034,2,"[0, 5]",2,1.0
apple,apple pencil,10,0.6110134720802307,4,"[0, 2, 3, 7]",10,0.19572300119658825,4,"[0, 3, 7, 9]",3,0.75
apple,apple watch,10,0.642318844795227,4,"[1, 7, 10, 12]",10,0.13224512269756136,3,"[1, 3, 13]",1,0.3333333333333333
apple,蘋果手機,10,0.6243749856948853,2,"[6, 7]",0,,0,[],0,0.0
apple,青蘋果,10,0.6667092442512512,1,[5],0,,0,[],0,0.0
samsung,samsung phone,10,0.6315674781799316,3,"[1, 7, 11]",10,0.09271661190226839,3,"[3, 7, 9]",1,0.3333333333333333
samsung,samsung galaxy,10,0.6748554706573486,2,"[7, 11]",10,0.1590777437930592,5,"[6, 7, 9, 10, 11]",2,1.0
samsung,samsung tv,10,0.7147859930992126,1,[5],10,0.12630964940735862,3,"[5, 8, 10]",1,1.0
samsung,三星手機,10,0.6996818780899048,1,[7],0,,0,[],0,0.0
xiaomi,xiaomi phone,10,0.679416835308075,3,"[3, 10, 11]",10,0.1259190933334025,1,[10],1,1.0
xiaomi,xiaomi mi,10,0.6435115337371826,3,"[0, 4, 11]",10,0.1640550076488947,5,"[1, 3, 9, 10, 11]",1,0.3333333333333333
xiaomi,小米手機,10,0.6757912039756775,3,"[3, 10, 11]",0,,0,[],0,0.0
xiaomi,小米電視,10,0.763207733631134,1,[6],10,0.06180759988314742,1,[6],1,1.0
speaker,bluetooth speaker,10,0.7566694021224976,2,"[4, 8]",10,0.12911684258254535,2,"[8, 10]",1,0.5
speaker,wireless speaker,10,0.7032660245895386,3,"[4, 8, 14]",10,0.12452775297018663,5,"[2, 4, 5, 8, 14]",3,1.0
speaker,portable speaker,10,0.6952530145645142,3,"[4, 5, 14]",10,0.12716711953307044,3,"[4, 5, 8]",2,0.6666666666666666
speaker,藍牙喇叭,10,0.7214621305465698,2,"[5, 10]",10,0.06016759423029712,8,"[4, 5, 6, 7, 8, 9, 10, 13]",2,1.0
battery,phone battery,10,0.695253312587738,1,[1],10,0.10167215554535887,2,"[0, 1]",1,1.0
battery,aa battery,10,0.7849112749099731,1,[1],10,0.18314963217073807,2,"[0, 1]",1,1.0
battery,rechargeable battery,10,0.7889026403427124,1,[1],10,0.15515452701793925,1,[1],1,1.0
battery,電池,10,0.7859245538711548,1,[1],10,0.07853164384495137,2,"[0, 1]",1,1.0
charger,wireless charger,10,0.7655108571052551,2,"[0, 1]",10,0.1635886457452284,2,"[0, 1]",2,1.0
charger,usb charger,10,0.7954689264297485,1,[0],10,0.1332964588998487,2,"[0, 1]",1,1.0
charger,fast charger,10,0.7633085250854492,1,[0],10,0.12316988032139967,2,"[0, 1]",1,1.0
charger,無線充電,10,0.7073421478271484,2,"[0, 1]",10,0.09139841271025607,1,[1],1,1.0
fan,desk fan,10,0.6091641783714294,1,[1],10,0.15321876328754463,1,[1],1,1.0
fan,cooling fan,10,0.667763888835907,1,[1],10,0.1360848265772266,1,[1],1,1.0
fan,handheld fan,10,0.6959859728813171,1,[1],10,0.16585584543849535,1,[1],1,1.0
fan,手持風扇,10,0.7157743573188782,1,[1],10,0.05258491757083341,1,[1],1,1.0
fan,散熱風扇,10,0.73871910572052,1,[1],0,,0,[],0,0.0
camera,digital camera,10,0.7311401963233948,3,"[1, 4, 9]",10,0.14850614465885498,5,"[1, 5, 8, 10, 11]",1,0.3333333333333333
camera,camera lens,10,0.6871841549873352,2,"[1, 9]",10,0.16499555081067208,2,"[2, 10]",0,0.0
camera,security camera,10,0.6836732029914856,3,"[4, 10, 11]",10,0.11454418871665387,3,"[1, 4, 11]",2,0.6666666666666666
camera,相機,10,0.7171326875686646,3,"[1, 4, 9]",10,0.07868021906847952,3,"[7, 8, 10]",0,0.0
headphone,wireless headphone,10,0.7629531025886536,2,"[0, 1]",10,0.14058182964426824,2,"[0, 1]",2,1.0
headphone,bluetooth earphone,10,0.7439238429069519,2,"[0, 1]",10,0.1306093596951891,2,"[0, 1]",2,1.0
headphone,noise cancelling,10,0.6148329377174377,2,"[0, 1]",10,0.20784357963354932,2,"[0, 1]",2,1.0
headphone,藍牙耳機,10,0.7526559829711914,1,[1],10,0.06582167471912456,2,"[0, 1]",1,1.0
cable,usb cable,10,0.7129074931144714,2,"[1, 2]",10,0.11196366462403515,2,"[1, 2]",2,1.0
cable,hdmi cable,10,0.7523787021636963,1,[2],10,0.20971967286462584,1,[2],1,1.0
cable,charging cable,10,0.6776664853096008,3,"[0, 1, 2]",10,0.14281268470022232,2,"[0, 1]",2,1.0
cable,數據線,10,0.540206789970398,3,"[0, 1, 2]",10,0.0817241761855629,2,"[0, 1]",2,1.0
milk,whole milk,10,0.7986545562744141,2,"[1, 7]",10,0.2130863116686545,4,"[0, 1, 3, 7]",2,1.0
milk,baby formula,10,0.5545591115951538,2,"[1, 7]",10,0.07399832149407512,2,"[0, 7]",1,0.5
milk,almond milk,10,0.7541114091873169,4,"[1, 3, 4, 7]",10,0.2516528469639623,3,"[1, 4, 7]",3,1.0
milk,牛奶,10,0.7976663708686829,3,"[1, 3, 6]",10,0.10434237230686103,4,"[1, 3, 6, 7]",3,1.0
milk,奶粉,10,0.8101642727851868,3,"[1, 3, 7]",10,0.07436278848595304,2,"[3, 7]",2,1.0
oil,olive oil,10,0.846206545829773,1,[8],10,0.2994082740471972,2,"[6, 8]",1,1.0
oil,cooking oil,10,0.7151303887367249,4,"[0, 2, 8, 13]",10,0.16122221360632824,6,"[2, 9, 11, 12, 13, 14]",2,0.5
oil,essential oil,10,0.6972579956054688,5,"[0, 2, 4, 8, 13]",10,0.10452696457962436,1,[3],0,0.0
oil,motor oil,10,0.5160287022590637,4,"[0, 2, 8, 14]",10,0.10810469814508603,4,"[0, 2, 4, 8]",3,0.75
oil,橄欖油,10,0.8388902544975281,2,"[2, 8]",10,0.07848896767844381,5,"[6, 8, 9, 11, 14]",1,0.5
mask,face mask skincare,10,0.6821272969245911,3,"[8, 10, 11]",10,0.15064654098208755,2,"[4, 6]",0,0.0
mask,surgical mask,10,0.7764158248901367,3,"[6, 8, 12]",10,0.20271922451023888,2,"[8, 12]",2,1.0
mask,sheet mask,10,0.674166738986969,3,"[0, 8, 12]",10,0.06622648859519961,6,"[2, 3, 6, 7, 8, 11]",1,0.3333333333333333
mask,護膚面膜,10,0.6347416639328003,1,[10],0,,0,[],0,0.0
mask,外科口罩,10,0.7392178773880005,1,[12],0,,0,[],0,0.0
tea,green tea,10,0.7711454629898071,2,"[0, 1]",10,0.22377207155629084,2,"[0, 1]",2,1.0
tea,milk tea,10,0.6737650632858276,2,"[0, 1]",10,0.18131709213504518,1,[1],1,1.0
tea,herbal tea,10,0.7675610780715942,2,"[0, 1]",10,0.12233697087628366,2,"[0, 1]",2,1.0
tea,綠茶,10,0.7889608144760132,2,"[0, 1]",10,0.08307010107801538,2,"[0, 1]",2,1.0
tea,奶茶,10,0.7917042970657349,1,[1],10,0.1060359222774769,1,[1],1,1.0
coffee,instant coffee,10,0.7406740188598633,1,[1],10,0.2139554167720905,1,[1],1,1.0
coffee,coffee beans,10,0.7634785771369934,1,[1],10,0.13312208268352824,1,[1],1,1.0
coffee,espresso machine,10,0.7356119751930237,1,[1],10,0.13619757896792895,2,"[0, 1]",1,1.0
coffee,咖啡,10,0.76609867811203,1,[1],10,0.0654273951482342,1,[1],1,1.0
cream,moisturizing cream,10,0.7580097913742065,1,[1],10,0.23341569504612886,1,[1],1,1.0
cream,whipping cream,10,0.6689201593399048,1,[0],10,0.15466974773177078,2,"[0, 1]",1,1.0
cream,sunscreen cream,10,0.7179380655288696,1,[1],10,0.10172418655394004,1,[1],1,1.0
cream,保濕面霜,10,0.772624135017395,1,[1],0,,0,[],0,0.0
vitamin,vitamin c,10,0.8063217997550964,1,[1],10,0.059119738651465234,3,"[1, 3, 10]",1,1.0
vitamin,vitamin d,10,0.7785577774047852,1,[5],10,0.059119738651465234,3,"[1, 3, 10]",0,0.0
vitamin,multivitamin,10,0.686621367931366,4,"[1, 3, 9, 10]",10,0.10103712622463887,6,"[3, 5, 6, 8, 9, 10]",3,0.75
vitamin,維他命C,10,0.7290045619010925,2,"[1, 3]",10,0.07748742994911546,3,"[1, 8, 10]",1,0.5
vitamin,維他命,10,0.5257537961006165,3,"[1, 6, 8]",10,0.05855860949738131,5,"[0, 1, 4, 6, 10]",2,0.6666666666666666
protein,whey protein,10,0.6663016080856323,1,[1],10,0.1461234821019129,1,[1],1,1.0
protein,protein bar,10,0.6676976084709167,1,[1],10,0.2204473225120956,2,"[0, 1]",1,1.0
protein,plant protein,10,0.6358909010887146,1,[1],10,0.11810268825459283,2,"[0, 1]",1,1.0
protein,蛋白質,10,0.6548157930374146,1,[1],10,0.05342957345617899,2,"[0, 1]",1,1.0
brush,makeup brush,10,0.6792914271354675,2,"[0, 1]",10,0.22307232791763404,2,"[0, 1]",2,1.0
brush,toothbrush,10,0.6496787667274475,1,[0],10,0.11698064467685135,2,"[0, 1]",1,1.0
brush,paint brush,10,0.5945081114768982,2,"[0, 1]",10,0.13554278940783335,2,"[0, 1]",2,1.0
brush,化妝掃,10,0.6651847958564758,1,[1],9,0.05912150923677295,2,"[0, 1]",1,1.0
brush,牙刷,10,0.6879972219467163,1,[0],10,0.10743888361325371,2,"[0, 1]",1,1.0
bag,backpack,10,0.54765784740448,1,[0],10,0.13041573185035446,1,[0],1,1.0
bag,handbag,10,0.6294859647750854,1,[0],7,0.11251033063713858,1,[0],1,1.0
bag,shopping bag,10,0.6325592994689941,1,[0],10,0.1667706642134929,2,"[0, 1]",1,1.0
bag,手袋,10,0.4739822447299957,2,"[0, 1]",8,0.09266690940238063,2,"[0, 1]",2,1.0
bag,背包,10,0.6576880812644958,1,[0],10,0.10845099456200114,1,[0],1,1.0
